{
  "NOSE": {
    "pixel": [
      314.88690185546875,
      74.12007141113281
    ],
    "normalized": [
      0.5145210814631842,
      0.18166684169395297
    ],
    "world": [
      0.11827364563941956,
      -0.5916237235069275,
      -0.23380589485168457
    ],
    "visibility": 0.9999850988388062
  },
  "LEFT_EYE_INNER": {
    "pixel": [
      324.7551574707031,
      66.95328521728516
    ],
    "normalized": [
      0.5306456821416717,
      0.16410118925805187
    ],
    "world": [
      0.1343812495470047,
      -0.624618649482727,
      -0.21605587005615234
    ],
    "visibility": 0.999984860420227
  },
  "LEFT_EYE": {
    "pixel": [
      328.7024841308594,
      68.44165802001953
    ],
    "normalized": [
      0.5370955623053257,
      0.16774916181377336
    ],
    "world": [
      0.13494333624839783,
      -0.6251887083053589,
      -0.21487855911254883
    ],
    "visibility": 0.9999715089797974
  },
  "LEFT_EYE_OUTER": {
    "pixel": [
      331.83624267578125,
      69.73587799072266
    ],
    "normalized": [
      0.5422160828035641,
      0.17092126958510456
    ],
    "world": [
      0.1346900314092636,
      -0.6253167986869812,
      -0.21547317504882812
    ],
    "visibility": 0.9999758005142212
  },
  "RIGHT_EYE_INNER": {
    "pixel": [
      312.1171569824219,
      62.31938171386719
    ],
    "normalized": [
      0.509995354546441,
      0.15274358263202742
    ],
    "world": [
      0.10184875875711441,
      -0.6281628608703613,
      -0.2160487174987793
    ],
    "visibility": 0.9999967813491821
  },
  "RIGHT_EYE": {
    "pixel": [
      306.9482727050781,
      60.309486389160156
    ],
    "normalized": [
      0.501549465204376,
      0.14781736860088274
    ],
    "world": [
      0.10236825793981552,
      -0.628756046295166,
      -0.21720433235168457
    ],
    "visibility": 0.9999948740005493
  },
  "RIGHT_EYE_OUTER": {
    "pixel": [
      303.07098388671875,
      58.80907440185547
    ],
    "normalized": [
      0.4952140259586908,
      0.14413988823984183
    ],
    "world": [
      0.10232746601104736,
      -0.6303125023841858,
      -0.21615958213806152
    ],
    "visibility": 0.9999936819076538
  },
  "LEFT_EAR": {
    "pixel": [
      336.8791809082031,
      76.78820037841797
    ],
    "normalized": [
      0.5504561779545802,
      0.18820637347651462
    ],
    "world": [
      0.1780780553817749,
      -0.5900368690490723,
      -0.10315108299255371
    ],
    "visibility": 0.9999744892120361
  },
  "RIGHT_EAR": {
    "pixel": [
      297.212890625,
      62.46949768066406
    ],
    "normalized": [
      0.4856419781454248,
      0.15311151392319622
    ],
    "world": [
      0.03055351972579956,
      -0.6181392073631287,
      -0.11800765991210938
    ],
    "visibility": 0.9999909400939941
  },
  "MOUTH_LEFT": {
    "pixel": [
      318.4666748046875,
      88.44361877441406
    ],
    "normalized": [
      0.52037038366779,
      0.21677357542748546
    ],
    "world": [
      0.1326727271080017,
      -0.5596125721931458,
      -0.19614362716674805
    ],
    "visibility": 0.9999916553497314
  },
  "MOUTH_RIGHT": {
    "pixel": [
      303.76922607421875,
      83.5153579711914
    ],
    "normalized": [
      0.49635494456571694,
      0.2046945048313515
    ],
    "world": [
      0.09035856276750565,
      -0.5654512047767639,
      -0.1977846622467041
    ],
    "visibility": 0.9999982118606567
  },
  "LEFT_SHOULDER": {
    "pixel": [
      345.22601318359375,
      137.135498046875
    ],
    "normalized": [
      0.5640947927836499,
      0.33611641678155635
    ],
    "world": [
      0.19518166780471802,
      -0.40459704399108887,
      -0.11769171059131622
    ],
    "visibility": 0.9994648098945618
  },
  "RIGHT_SHOULDER": {
    "pixel": [
      246.5127410888672,
      126.77334594726562
    ],
    "normalized": [
      0.4027985965504366,
      0.31071898516486673
    ],
    "world": [
      -0.08804382383823395,
      -0.4857489764690399,
      -0.039881229400634766
    ],
    "visibility": 0.9997730851173401
  },
  "LEFT_ELBOW": {
    "pixel": [
      280.1731872558594,
      191.127197265625
    ],
    "normalized": [
      0.4577993255814696,
      0.46844901290594365
    ],
    "world": [
      0.02694094553589821,
      -0.2918187975883484,
      -0.16184711456298828
    ],
    "visibility": 0.9725817441940308
  },
  "RIGHT_ELBOW": {
    "pixel": [
      168.52154541015625,
      157.67161560058594
    ],
    "normalized": [
      0.2753620023041769,
      0.38645003823673024
    ],
    "world": [
      -0.28347325325012207,
      -0.33769357204437256,
      -0.09340322762727737
    ],
    "visibility": 0.8280192017555237
  },
  "LEFT_WRIST": {
    "pixel": [
      192.5961456298828,
      219.83584594726562
    ],
    "normalized": [
      0.31469958436255363,
      0.5388133479099647
    ],
    "world": [
      -0.20327359437942505,
      -0.21922567486763,
      -0.23909854888916016
    ],
    "visibility": 0.9635459780693054
  },
  "RIGHT_WRIST": {
    "pixel": [
      171.1090850830078,
      227.30752563476562
    ],
    "normalized": [
      0.2795900083055683,
      0.557126288320504
    ],
    "world": [
      -0.27058932185173035,
      -0.15934306383132935,
      -0.2531942129135132
    ],
    "visibility": 0.7528488039970398
  },
  "LEFT_PINKY": {
    "pixel": [
      173.78021240234375,
      230.05003356933594
    ],
    "normalized": [
      0.28395459542866625,
      0.5638481214934704
    ],
    "world": [
      -0.2704133093357086,
      -0.1720275580883026,
      -0.28047776222229004
    ],
    "visibility": 0.9320955276489258
  },
  "RIGHT_PINKY": {
    "pixel": [
      161.10498046875,
      250.37660217285156
    ],
    "normalized": [
      0.2632434321384804,
      0.6136681425805185
    ],
    "world": [
      -0.2734919786453247,
      -0.09357517957687378,
      -0.2830357551574707
    ],
    "visibility": 0.7284786701202393
  },
  "LEFT_INDEX": {
    "pixel": [
      168.9002685546875,
      220.72267150878906
    ],
    "normalized": [
      0.2759808309717116,
      0.5409869399725222
    ],
    "world": [
      -0.3035461902618408,
      -0.1955076903104782,
      -0.2949700355529785
    ],
    "visibility": 0.9318029284477234
  },
  "RIGHT_INDEX": {
    "pixel": [
      173.05264282226562,
      253.522705078125
    ],
    "normalized": [
      0.2827657562455321,
      0.6213791791130515
    ],
    "world": [
      -0.23796020448207855,
      -0.0964636504650116,
      -0.2963857650756836
    ],
    "visibility": 0.7256481051445007
  },
  "LEFT_THUMB": {
    "pixel": [
      174.75592041015625,
      217.37391662597656
    ],
    "normalized": [
      0.28554888955907887,
      0.5327792074166092
    ],
    "world": [
      -0.2267669290304184,
      -0.21681685745716095,
      -0.24454522132873535
    ],
    "visibility": 0.9207218289375305
  },
  "RIGHT_THUMB": {
    "pixel": [
      177.02615356445312,
      240.75279235839844
    ],
    "normalized": [
      0.2892584208569495,
      0.5900803734274471
    ],
    "world": [
      -0.2501879930496216,
      -0.14093057811260223,
      -0.2618987560272217
    ],
    "visibility": 0.7149848937988281
  },
  "LEFT_HIP": {
    "pixel": [
      301.39508056640625,
      290.75433349609375
    ],
    "normalized": [
      0.49247562184053306,
      0.7126331703335631
    ],
    "world": [
      0.09708643704652786,
      0.04441170394420624,
      -0.009822845458984375
    ],
    "visibility": 0.9999516010284424
  },
  "RIGHT_HIP": {
    "pixel": [
      247.24560546875,
      275.644775390625
    ],
    "normalized": [
      0.4039960873672386,
      0.6755999396829044
    ],
    "world": [
      -0.0976184755563736,
      -0.04459941387176514,
      0.010877609252929688
    ],
    "visibility": 0.9999454021453857
  },
  "LEFT_KNEE": {
    "pixel": [
      376.1145324707031,
      317.5177001953125
    ],